feature_idx,feature_type,bert_score,finbert_score,score_change,score_change_pct,bert_financial,finbert_financial,financial_change,financial_change_pct,bert_general,finbert_general,bert_specialization,finbert_specialization,specialization_change
127,FinBERT Financial,0.495633989572525,1.4639778137207031,0.9683438241481781,195.37478149619164,0.488152,1.4151628,0.9270108,189.9020791053772,0.53304374,1.7080526,-0.044891745,0.88211906,0.9270108
103,FinBERT Financial,0.505670964717865,1.3834632635116577,0.8777922987937927,173.58961855433995,0.49389035,1.3677912,0.87390083,176.94227695465088,0.564574,1.4618248,-0.07068366,0.8032172,0.87390083
51,FinBERT Financial,0.2467271387577057,0.9856195449829102,0.7388924062252045,299.477556439716,0.260665,1.0289067,0.7682417,294.7237730026245,0.17703776,0.769184,0.08362724,0.8518689,0.7682417
174,FinBERT Financial,0.39757239818573,1.097198724746704,0.6996263265609741,175.97457211658255,0.42604628,1.1942711,0.76822484,180.31487464904785,0.25520307,0.611837,0.17084321,0.939068,0.76822484
115,FinBERT Financial,0.17181341449419657,0.9719057679176331,0.8000923534234365,465.67513705425006,0.20599538,0.9515837,0.7455883,361.9441747665405,0.07453783,1.0735161,0.13145755,0.87704587,0.7455883
59,FinBERT Financial,0.1705217053492864,0.8272072672843933,0.6566855619351069,385.10379695651744,0.15484324,0.8146145,0.6597712,426.0897636413574,0.2841944,0.89017105,-0.12935117,0.53042006,0.6597712
150,FinBERT Financial,0.42289677262306213,0.9345834255218506,0.5116866528987885,120.99563913079724,0.4488649,1.0551413,0.6062764,135.0687861442566,0.2930562,0.3317944,0.15580872,0.76208514,0.6062764
42,FinBERT Financial,0.19794729351997375,0.6926175951957703,0.4946703016757965,249.900007663344,0.19076084,0.77014655,0.5793857,303.7236213684082,0.23387966,0.30497262,-0.04311882,0.5362669,0.57938576
54,FinBERT Financial,0.1658261408408483,0.7270581722259521,0.5612320313851038,338.44605472893835,0.15718222,0.7099148,0.5527326,351.65083408355713,0.24335465,0.8127748,-0.08617243,0.46656016,0.5527326
56,General,0.1857461780309677,0.69331955909729,0.5075733810663223,273.2618169843039,0.15190543,0.67300254,0.5210971,343.04049015045166,0.3549499,0.794905,-0.20304446,0.31805265,0.5210971
184,FinBERT Financial,0.158320814371109,0.6734398007392883,0.5151189863681793,325.3640327801271,0.14566651,0.6577454,0.5120789,351.54194831848145,0.22159238,0.75191164,-0.07592587,0.43615305,0.51207894
83,FinBERT Financial,0.2799263298511505,0.7119682431221008,0.4320419132709503,154.3412916893836,0.2683153,0.7468351,0.47851983,178.3423662185669,0.33798152,0.53763336,-0.06966624,0.4088536,0.47851983
43,FinBERT Financial,0.15465402603149414,0.5874951481819153,0.43284112215042114,279.877047663975,0.15633541,0.634227,0.47789156,305.6834936141968,0.14624701,0.3538359,0.010088399,0.48797995,0.47789156
52,FinBERT Financial,0.4408227503299713,1.0216268301010132,0.5808040797710419,131.75456106480203,0.43929344,0.8879548,0.44866133,102.1324872970581,0.44846916,1.6899868,-0.009175718,0.4394856,0.44866133
133,General,0.46374866366386414,0.8980581760406494,0.4343095123767853,93.65191673987937,0.42991,0.8765715,0.44666147,103.8965106010437,0.63294196,1.0054916,-0.20303196,0.24362952,0.44666147
48,FinBERT Financial,0.08444412797689438,0.47644078731536865,0.3919966593384743,464.20830995582367,0.07855714,0.5128182,0.43426108,552.796459197998,0.11387901,0.2945535,-0.03532187,0.3989392,0.43426105
106,General,0.19065462052822113,0.6294082403182983,0.4387536197900772,230.13007425389512,0.17977484,0.60382503,0.4240502,235.87851524353027,0.24505362,0.757324,-0.06527878,0.3587714,0.4240502
109,General,0.2765480577945709,0.665363609790802,0.3888155519962311,140.5960161488663,0.26680163,0.663521,0.39671937,148.69450330734253,0.32528037,0.6745768,-0.058478743,0.33824062,0.39671937
65,Consistent Financial,0.4150447408358256,0.8476583361625671,0.43261359532674154,104.23300255667267,0.50445807,0.8728238,0.3683657,73.02206754684448,0.14585428,0.7218311,0.35860378,0.7269695,0.3683657
146,General,0.7020464539527893,1.0435935258865356,0.34154707193374634,48.65020968494407,0.65041846,1.018232,0.36781353,56.55028820037842,0.9601866,1.1704009,-0.30976814,0.058045387,0.36781353
12,General,0.08619702607393265,0.433553010225296,0.3473559841513634,402.9790817300706,0.07198057,0.43322572,0.36124516,501.8648147583008,0.15727928,0.43518943,-0.08529871,0.27594644,0.36124516
37,General,0.45333582162857056,0.7616165280342102,0.30828070640563965,68.00272374200814,0.4528811,0.8140715,0.36119038,79.75391149520874,0.45560956,0.4993411,-0.0027284622,0.35846192,0.36119038
194,General,0.3606630265712738,0.7050788402557373,0.3444158136844635,95.49518201483856,0.33437714,0.68040556,0.34602842,103.48447561264038,0.49209255,0.82844466,-0.15771541,0.188313,0.34602842
199,General,0.5040004253387451,0.7967541813850403,0.29275375604629517,58.08601368729632,0.48514843,0.80434394,0.3191955,65.79337120056152,0.5982601,0.75880533,-0.113111675,0.20608383,0.3191955
44,General,0.44966191053390503,0.8226594924926758,0.37299758195877075,82.95067321043335,0.4506044,0.7557323,0.3051279,67.71524548530579,0.44494957,1.157296,0.0056548417,0.31078273,0.3051279
77,General,0.29804477095603943,0.5234853029251099,0.22544053196907043,75.63982124092428,0.30768046,0.5769507,0.26927027,87.51620650291443,0.24986622,0.25615814,0.05781424,0.3270845,0.26927027
113,General,0.47061723470687866,0.7283053994178772,0.25768816471099854,54.755360770307995,0.44124848,0.7078617,0.26661325,60.42247414588928,0.61746097,0.8305235,-0.17621249,0.090400755,0.26661325
34,Consistent Financial,0.29911825954914095,0.6879739761352539,0.38885571658611295,130.0006616688104,0.39593735,0.66114014,0.2652028,66.98099970817566,0.014435085,0.8221434,0.38150227,0.64670503,0.26520276
178,General,0.20081549882888794,0.40436801314353943,0.2035525143146515,101.36295032092903,0.2024028,0.45829642,0.25589362,126.42790079116821,0.19287896,0.1347258,0.009523839,0.26541746,0.25589362
97,General,0.4883468449115753,0.6969909071922302,0.2086440622806549,42.72456440635629,0.5014212,0.7415873,0.24016607,47.89707064628601,0.4229749,0.47400886,0.0784463,0.31861237,0.24016607
128,General,0.3141809403896332,0.50245201587677,0.18827107548713684,59.9244101993111,0.32967386,0.5656126,0.23593876,71.56732678413391,0.23671642,0.18664922,0.09295744,0.3288962,0.23593876
38,General,0.09372585912545521,0.3529911935329437,0.2592653344074885,276.6209206580365,0.13626792,0.37219143,0.23592351,173.1321096420288,0.08550835,0.25699013,0.05075957,0.28668308,0.23592351
120,FinBERT Financial,0.21610288321971893,0.4535878002643585,0.2374849170446396,109.89437693118644,0.24167259,0.4750418,0.23336922,96.56420350074768,0.08825441,0.34631762,0.15341818,0.3867874,0.23336923
81,General,0.6972096562385559,0.9039542078971863,0.20674455165863037,29.653139455069606,0.6862526,0.905069,0.2188164,31.885692477226257,0.7519953,0.89838094,-0.06574273,0.15307367,0.2188164
16,General,0.2134118527173996,0.42049160599708557,0.20707975327968597,97.03292045072183,0.20489916,0.41345036,0.2085512,101.7823576927185,0.25597522,0.45569792,-0.051076055,0.15747514,0.2085512
86,General,0.3029424548149109,0.4784854054450989,0.175542950630188,57.945972193775106,0.30887812,0.5150557,0.20617759,66.75046682357788,0.273264,0.295634,0.035614133,0.24179173,0.20617759
160,General,0.17874759435653687,0.37146010994911194,0.19271251559257507,107.81264849259075,0.16172366,0.36464006,0.2029164,125.47106742858887,0.2638672,0.40556034,-0.10214354,0.10077286,0.2029164
114,General,0.08285760059952736,0.29057714343070984,0.2077195428311825,250.69461501202022,0.08186064,0.28382197,0.20196134,246.71361446380615,0.1430808,0.32435304,-0.06122016,0.14074117,0.20196134
126,General,0.8791137933731079,1.0058577060699463,0.12674391269683838,14.417236272738872,0.892715,1.0887828,0.19606781,21.96309119462967,0.811108,0.59123254,0.081606984,0.2776748,0.19606781
102,General,0.4851464033126831,0.6630287766456604,0.1778823733329773,36.66571000389955,0.45623502,0.64411664,0.18788162,41.18088483810425,0.6297034,0.7575898,-0.17346838,0.014413238,0.18788162
15,General,0.20581713318824768,0.3726295530796051,0.16681241989135742,81.04885016486205,0.16986446,0.35411727,0.18425281,108.47048759460449,0.38558048,0.46519107,-0.21571602,-0.031463206,0.18425281
138,General,0.3986808955669403,0.5711756348609924,0.17249473929405212,43.26636696467676,0.4129997,0.59537214,0.18237245,44.15801167488098,0.327087,0.45019308,0.085912704,0.26828516,0.18237245
198,General,0.18619579076766968,0.3529006838798523,0.16670489311218262,89.53204174212117,0.20336579,0.37886637,0.17550059,86.29798889160156,0.100345805,0.22307244,0.10301998,0.27852058,0.1755006
185,General,0.3639189302921295,0.5488078594207764,0.18488892912864685,50.80497708108521,0.37633812,0.53658736,0.16024923,42.581185698509216,0.30182308,0.60991037,0.074515045,0.23476428,0.16024923
197,General,0.479164183139801,0.6032324433326721,0.1240682601928711,25.89264067691656,0.46460503,0.6245103,0.15990525,34.41745936870575,0.55196023,0.4968432,-0.0873552,0.07255006,0.15990525
96,General,0.4514230787754059,0.6380614042282104,0.18663832545280457,41.344435902370364,0.41171822,0.563983,0.1522648,36.98277175426483,0.64994717,1.0084532,-0.23822895,-0.08596414,0.1522648
143,General,0.00021389569155871868,0.11688883801301321,0.11667494232145449,54547.5888135993,0.002481768,0.15471976,0.15223798,6134.255218505859,0.0004249012,0.035631616,0.0020568667,0.15429485,0.15223798
190,General,0.35622116923332214,0.4769706428050995,0.12074947357177734,33.89733233195003,0.37649688,0.51749545,0.14099857,37.45012879371643,0.25484246,0.27434677,0.12165442,0.262653,0.14099857
66,General,0.7961626648902893,0.8745306730270386,0.07836800813674927,9.843215663415759,0.8287004,0.96671456,0.13801414,16.654285788536072,0.63347447,0.41361094,0.19522595,0.3332401,0.13801414
177,General,0.0892932931582133,0.1860589454571406,0.09676565229892731,108.36833190536963,0.106748275,0.2413734,0.13462514,126.1145830154419,0.04028693,0.081233375,0.06646135,0.20108648,0.13462514
196,General,0.5989500284194946,0.7098674774169922,0.11091744899749756,18.518648256881427,0.5749748,0.7078379,0.1328631,23.10764044523239,0.7188262,0.7200154,-0.1438514,-0.010988295,0.1328631
71,General,0.05619784941275914,0.21464258432388306,0.15844473491112393,281.9409222359863,0.07952955,0.20950149,0.12997194,163.4259581565857,0.06215285,0.24034819,0.017376702,0.14734864,0.12997194
30,General,0.17189715802669525,0.2900046706199646,0.11810751259326935,68.70824040902846,0.18410164,0.31207904,0.1279774,69.51453685760498,0.11087477,0.1796329,0.07322687,0.20120427,0.1279774
92,General,0.13242804209391276,0.2902586758136749,0.15783063371976216,119.18218469758459,0.1525133,0.2745902,0.1220769,80.04344701766968,0.08875664,0.3686009,0.06375665,0.18583354,0.12207689
49,General,0.12086983770132065,0.24616143107414246,0.1252915933728218,103.65827881925983,0.1291069,0.25058845,0.12148155,94.09377574920654,0.0796846,0.22402653,0.049422294,0.17090385,0.12148155
119,Consistent Financial,0.33631742000579834,0.42398472627003986,0.08766730626424152,26.066834796345095,0.38841292,0.5083639,0.11995098,30.88233470916748,0.07583984,0.18379651,0.31257308,0.43252406,0.11995098
40,General,0.4132433831691742,0.5910574793815613,0.17781409621238708,43.02890341491403,0.40484855,0.52234334,0.11749479,29.021912813186646,0.45521745,0.93462783,-0.050368905,0.06712589,0.11749479
5,General,0.21402746438980103,0.35527461767196655,0.14124715328216553,65.99487298738298,0.20790258,0.32164857,0.11374599,54.71119284629822,0.24465184,0.52340496,-0.03674926,0.07699673,0.11374599
75,General,0.2735607922077179,0.34949544072151184,0.07593464851379395,27.757869795952296,0.27018,0.37885165,0.108671665,40.22195339202881,0.29046464,0.20271464,-0.020284653,0.08838701,0.108671665
73,General,0.2129540741443634,0.32881829142570496,0.11586421728134155,54.40807730346413,0.1847353,0.29324704,0.108511746,58.73904228210449,0.354048,0.50667447,-0.16931272,-0.06080097,0.108511746
3,General,0.2805168330669403,0.3702017366886139,0.08968490362167358,31.971309044499264,0.25918743,0.36716396,0.107976526,41.659629344940186,0.38716394,0.38539082,-0.1279765,-0.01999998,0.107976526
192,General,0.09310214966535568,0.20113010704517365,0.10802795737981796,116.03164671074866,0.09040768,0.19826983,0.10786215,119.30640935897827,0.10657451,0.2154316,-0.016166836,0.091695316,0.10786215
170,General,0.21814244985580444,0.29623109102249146,0.07808864116668701,35.797086361826786,0.2170525,0.31857908,0.10152657,46.77512049674988,0.22359212,0.18449089,-0.006539613,0.09498696,0.10152657
116,General,0.2898266911506653,0.414341539144516,0.12451484799385071,42.96182918816202,0.30957305,0.41049984,0.10092679,32.6019287109375,0.19109501,0.43354997,0.118478045,0.21940483,0.10092679
136,General,0.4531515836715698,0.5524942874908447,0.0993427038192749,21.922620906313636,0.4753834,0.5752085,0.099825084,20.99885791540146,0.34199232,0.43892366,0.13339108,0.23321617,0.099825084
17,General,0.3773227334022522,0.4026774764060974,0.025354743003845215,6.71964362582291,0.34737793,0.44495666,0.097578734,28.0900776386261,0.52704656,0.19128142,-0.17966864,-0.0820899,0.097578734
151,General,0.31909579038619995,0.38471367955207825,0.0656178891658783,20.563696276425745,0.305554,0.4017194,0.09616539,31.472468376159668,0.38680485,0.29968518,-0.08125085,0.014914542,0.09616539
78,General,0.20450638234615326,0.2662483890851339,0.061742006738980615,30.190748098254634,0.2117881,0.30379167,0.09200357,43.44133138656616,0.16809781,0.19263856,0.043690294,0.13569386,0.09200357
117,General,0.11221068352460861,0.20906655490398407,0.09685587137937546,86.31608714702666,0.11531414,0.20714891,0.09183477,79.63877320289612,0.09669342,0.21865466,0.018620722,0.11045549,0.09183477
61,General,0.232681542634964,0.3264285624027252,0.09374701976776123,40.28983936849415,0.21206741,0.2966844,0.084617004,39.900994300842285,0.3357522,0.4751494,-0.12368478,-0.039067775,0.084617004
32,General,0.11346578697363535,0.19716339111328127,0.08369760413964591,73.76461783946706,0.17328285,0.25330684,0.08002399,46.1811363697052,0.0619422,0.04788845,0.11134064,0.19136463,0.08002399
179,General,0.17307724058628082,0.21997970342636108,0.04690246284008026,27.09915103869413,0.16522606,0.24160971,0.07638365,46.229785680770874,0.21233305,0.11182962,-0.047106996,0.029276654,0.07638365
93,General,0.027957817912101748,0.07111766338348388,0.04315984547138213,154.37487148344317,0.08387345,0.15811622,0.07424277,88.51760625839233,0.0,0.009492667,0.08387345,0.15811622,0.07424277
60,General,0.2812365829944611,0.411166250705719,0.1299296677112579,46.19941912529099,0.34051722,0.4144542,0.07393697,21.71313613653183,0.24443612,0.3947265,0.09608111,0.17001808,0.07393697
62,General,0.13757163286209106,0.20849043130874634,0.07091879844665527,51.55045191456581,0.13214605,0.20566456,0.073518515,55.63428997993469,0.16469963,0.22261992,-0.032553583,0.04096493,0.073518515
137,General,0.2903730571269989,0.34925758838653564,0.05888453125953674,20.278923892647082,0.29095423,0.363549,0.07259476,24.950577318668365,0.28746712,0.27780074,0.0034871101,0.07608187,0.07259476
63,General,0.15998584032058716,0.22482642531394958,0.06484058499336243,40.52895235192803,0.15076447,0.22149698,0.07073252,46.91590964794159,0.20609269,0.24147364,-0.05532822,0.015404299,0.07073252
100,General,0.7427082061767578,0.7707582712173462,0.02805006504058838,3.7767274963854,0.63693196,0.7044495,0.06751752,10.600429028272629,1.2715893,1.1023026,-0.6346573,-0.5671398,0.06751752
182,General,0.3807445168495178,0.42722001671791077,0.046475499868392944,12.2064790986239,0.35988513,0.42724952,0.067364395,18.718305230140686,0.48504147,0.4270727,-0.12515634,-0.05779195,0.067364395
90,General,0.20372937172651293,0.30695074796676636,0.10322137624025343,50.66592772828956,0.2246418,0.2844609,0.059819102,26.628661155700684,0.23498678,0.41940007,-0.010344982,0.04947412,0.059819102
22,General,0.3892177591721217,0.41125017404556274,0.022032414873441042,5.660691053847254,0.38466233,0.44104546,0.056383133,14.657825231552124,0.49252257,0.2622738,-0.10786024,-0.051477104,0.056383133
112,General,0.17063680291175842,0.22650405764579773,0.05586725473403931,32.74044859064196,0.187218,0.24177283,0.054554835,29.139739274978638,0.08773079,0.15016012,0.09948721,0.15404204,0.054554828
124,General,0.37979018688201904,0.35953980684280396,-0.020250380039215088,-5.3319913833123405,0.3477809,0.3923571,0.044576198,12.817321717739105,0.5398366,0.19545351,-0.19205567,-0.14747947,0.044576198
173,General,0.26204878091812134,0.3122008442878723,0.05015206336975098,19.138445595524935,0.28967112,0.33275682,0.043085694,14.874003827571869,0.12393719,0.20942095,0.16573393,0.20881963,0.043085694
87,General,0.1237344890832901,0.14098491221666337,0.01725042313337327,13.941483301201007,0.1248297,0.1678185,0.0429888,34.437957406044006,0.118258476,0.10080687,0.006571226,0.049560025,0.0429888
158,General,0.24153464982906978,0.27471656699975333,0.033181917170683556,13.737953206368472,0.28420174,0.32649052,0.04228878,14.879845082759857,0.07817192,0.07268472,0.20602983,0.24831861,0.04228878
188,General,1.0640419721603394,1.112123727798462,0.04808175563812256,4.5187837412561365,1.079536,1.1149865,0.035450578,3.2838717103004456,0.9865721,1.0978101,0.092963874,0.12841445,0.035450578
27,General,0.4021929204463959,0.4292661249637604,0.027073204517364502,6.731397580871344,0.43891418,0.47185066,0.032936484,7.504082471132278,0.21858661,0.21634349,0.22032757,0.25326407,0.0329365
183,General,0.31857869029045105,0.3325583338737488,0.01397964358329773,4.388128901701606,0.28848603,0.31975988,0.03127384,10.840678215026855,0.469042,0.39655057,-0.18055597,-0.14928213,0.03127384
0,General,0.49682241678237915,0.5828664898872375,0.0860440731048584,17.318878979357304,0.48892835,0.51712996,0.02820161,5.768045410513878,0.53629285,0.91154927,-0.047364503,-0.019162893,0.02820161
121,General,0.234607994556427,0.2893672585487366,0.05475926399230957,23.340749361863324,0.23881605,0.26045883,0.021642774,9.062529355287552,0.21356766,0.43390965,0.025248393,0.046891168,0.021642774
21,General,0.2290593683719635,0.24050211906433105,0.011442750692367554,4.99553926726366,0.22392178,0.24330066,0.019378886,8.654310554265976,0.25474742,0.22650929,-0.030825645,-0.011446759,0.019378886
85,General,0.14604158699512482,0.16469433903694153,0.01865275204181671,12.772219492821165,0.16816448,0.1821791,0.014014617,8.333874493837357,0.13278817,0.07727068,0.03537631,0.049390927,0.014014617
152,General,0.23104937275250753,0.2387432391444842,0.007693866391976667,3.3299663618728292,0.27320576,0.2871853,0.013979554,5.116859450936317,0.06807077,0.04592811,0.20513499,0.21911454,0.013979554
111,General,0.35378605127334595,0.4222811758518219,0.06849512457847595,19.36060631332085,0.29730263,0.30849656,0.011193931,3.765163943171501,0.6362031,0.99120396,-0.33890048,-0.32770655,0.011193931
98,General,0.6275762915611267,0.6685125827789307,0.040936291217803955,6.522918690247671,0.602363,0.61348504,0.011122048,1.846402883529663,0.7536429,0.9436504,-0.15127993,-0.14015788,0.011122048
14,General,0.1875905841588974,0.19962555170059204,0.012034967541694641,6.415549903880303,0.18004696,0.18789597,0.007849008,4.3594226241111755,0.22530869,0.25827354,-0.045261726,-0.037412718,0.007849008
125,General,0.17969118058681488,0.16995130479335785,-0.009739875793457031,-5.4203415891918905,0.1854678,0.18812418,0.0026563853,1.4322622679173946,0.15080817,0.079086974,0.034659624,0.03731601,0.0026563853
53,General,0.283364474773407,0.2693314552307129,-0.014033019542694092,-4.952286116287381,0.29934102,0.30124435,0.0019033253,0.6358384620398283,0.20348184,0.10976682,0.095859185,0.09776251,0.0019033253
67,General,0.5903860330581665,0.5761005282402039,-0.014285504817962646,-2.419688816817792,0.6150974,0.6165522,0.0014547706,0.23651060182601213,0.4668293,0.37384188,0.1482681,0.14972287,0.0014547706
91,General,0.20960263907909393,0.22742681205272675,0.017824172973632812,8.50379224801021,0.24171916,0.24278301,0.0010638535,0.44011962600052357,0.049020004,0.15064578,0.19269915,0.193763,0.0010638535
46,General,0.4569533169269562,0.42504625022411346,-0.03190706670284271,-6.982565947309459,0.45552194,0.45648804,0.0009661019,0.21208678372204304,0.46411023,0.3557778,-0.008588284,-0.0076221824,0.0009661019
163,General,0.23981308937072754,0.1746042609214783,-0.06520882844924925,-27.191521789055805,0.2460562,0.24574631,-0.00030988455,-0.12594055151566863,0.2085977,0.08080043,0.037458494,0.03714861,-0.00030988455
95,General,0.011090422670046488,0.015197449922561645,0.004107027252515157,37.03219773226138,0.016137326,0.013695088,-0.002442238,-15.134093165397644,0.036741372,0.10249587,-0.020604046,-0.023046285,-0.0024422389
8,General,0.2473312944173813,0.24442146122455596,-0.0029098331928253396,-1.1764921215003554,0.29333383,0.2890904,-0.0042434335,-1.446622610092163,0.18220589,0.07164657,0.11112794,0.10688451,-0.0042434335
72,General,0.284260094165802,0.27180758118629456,-0.012452512979507446,-4.380675738552383,0.26418296,0.2549441,-0.009238869,-3.4971479326486588,0.3846457,0.35612515,-0.120462745,-0.12970161,-0.009238869
18,General,0.1031620313723882,0.08207980990409852,-0.021082221468289683,-20.436027856206444,0.12860991,0.119210586,-0.009399325,-7.308398187160492,0.07114916,0.019545635,0.057460748,0.048061423,-0.009399325
6,General,0.04107340276241303,0.03340418698887031,-0.007669215773542723,-18.671975677069913,0.054510668,0.04438334,-0.010127328,-18.5786172747612,0.03549717,0.039507363,0.019013498,0.00888617,-0.010127328
9,BERT Financial,0.3003396987915039,0.271639026204745,-0.028700672586758902,-9.556070243875064,0.34950286,0.33348995,-0.016012907,-4.581623896956444,0.054524165,0.01858564,0.2949787,0.2789658,-0.016012907
162,General,0.3216000745693843,0.2888000289599101,-0.03280004560947419,-10.199016792329033,0.37594917,0.35765374,-0.018295437,-4.866465553641319,0.11639229,0.068302915,0.2595569,0.24126145,-0.018295437
155,General,0.3832080662250519,0.3636954257885615,-0.01951264043649037,-5.091917983018372,0.40128127,0.37811044,-0.023170829,-5.774211511015892,0.29284188,0.36686805,0.108439386,0.08526856,-0.023170829
57,General,0.3511822819709778,0.32245385547478994,-0.028728426496187842,-8.180488586995969,0.38984272,0.36368015,-0.026162565,-6.711056083440781,0.15787998,0.18303685,0.23196274,0.20580018,-0.026162565
129,General,0.17532547612984975,0.1409102976322174,-0.03441517849763234,-19.629308448102396,0.19566458,0.16927488,-0.026389703,-13.487215340137482,0.109904245,0.1291584,0.08576034,0.059370637,-0.026389703
176,General,0.569202721118927,0.5187628865242004,-0.05043983459472656,-8.86148866182034,0.555293,0.52694285,-0.028350174,-5.105444043874741,0.63875115,0.47786322,-0.083458126,-0.1118083,-0.028350174
165,General,0.17672184854745865,0.11573525021473566,-0.06098659833272299,-34.50993684934494,0.24189767,0.21088663,-0.031011045,-12.81990259885788,0.06290898,0.042006057,0.1789887,0.14797765,-0.031011045
35,General,0.5296700596809387,0.5062499642372131,-0.023420095443725586,-4.4216385305662405,0.5442127,0.5111446,-0.03306812,-6.076322868466377,0.45695677,0.48177686,0.087255925,0.054187804,-0.03306812
45,General,0.07386792227625848,0.03039110600948334,-0.04347681626677514,-58.85750529732824,0.08217269,0.04200594,-0.04016675,-48.88089895248413,0.08158933,0.017903587,0.0005833581,-0.039583392,-0.04016675
149,General,0.5899292826652527,0.5287901163101196,-0.06113916635513306,-10.363812774119511,0.529433,0.4888927,-0.040540308,-7.657306641340256,0.89241064,0.7282771,-0.36297762,-0.40351793,-0.040540308
33,General,0.20850925147533417,0.15769561777512234,-0.05081363370021183,-24.36996600422926,0.21472749,0.17270352,-0.04202397,-19.570839405059814,0.17741801,0.1152828,0.037309483,-0.004714489,-0.04202397
153,BERT Financial,0.6483660936355591,0.6251717209815979,-0.02319437265396118,-3.5773574345790107,0.70570487,0.6568788,-0.04882604,-6.918761879205704,0.36167216,0.4666365,0.3440327,0.29520667,-0.04882604
107,General,0.10098352283239365,0.03976525366306305,-0.0612182691693306,-60.622037588188505,0.10309467,0.054110847,-0.04898382,-47.513437271118164,0.090427764,0.027685177,0.012666903,-0.036316916,-0.04898382
187,General,0.6277656555175781,0.538110613822937,-0.08965504169464111,-14.281609850211163,0.607378,0.5548855,-0.0524925,-8.642476052045822,0.7297044,0.45423627,-0.122326374,-0.17481887,-0.0524925
161,General,0.19292469322681427,0.12910755972067517,-0.0638171335061391,-33.078779309557696,0.22015692,0.16750652,-0.052650407,-23.914945125579834,0.056763493,0.09204181,0.16339344,0.11074302,-0.052650414
89,General,0.2892340421676636,0.2153015434741974,-0.07393249869346619,-25.561478911465375,0.275512,0.21540655,-0.060105458,-21.815912425518036,0.35784426,0.21477652,-0.08233225,-0.14243771,-0.060105458
172,General,0.508277177810669,0.4497826397418976,-0.05849453806877136,-11.508393573901586,0.52065605,0.45789906,-0.062756985,-12.053444236516953,0.44638276,0.40920037,0.07427329,0.011516303,-0.062756985
2,General,0.47329726815223694,0.48061326146125793,0.007315993309020996,1.5457501661868442,0.47846082,0.41136733,-0.06709349,-14.022776484489441,0.4474795,0.8268428,0.030981332,-0.03611216,-0.06709349
94,BERT Financial,0.6985129117965698,0.600072689851125,-0.09844022194544477,-14.092827817922116,0.7460599,0.67773867,-0.06832123,-9.157606214284897,0.4607784,0.33589593,0.2852815,0.21696028,-0.06832123
104,BERT Financial,0.5230753421783447,0.46269819140434265,-0.060377150774002075,-11.542725474797134,0.57297873,0.5033095,-0.06966925,-12.159132957458496,0.27355868,0.25964156,0.29942006,0.22975081,-0.06966925
99,General,0.5620535612106323,0.449961394071579,-0.11209216713905334,-19.9433247780893,0.44608235,0.3760967,-0.06998566,-15.688954293727875,1.1419094,0.81928504,-0.695827,-0.76581264,-0.06998563
55,General,0.7396475672721863,0.6665856838226318,-0.07306188344955444,-9.877931961434825,0.61160135,0.5415285,-0.07007283,-11.457271873950958,1.3798788,1.2918713,-0.7682774,-0.83835024,-0.07007283
80,General,0.08058878779411316,0.002186352573335171,-0.07840243522077799,-97.28702635542697,0.08375811,0.013118115,-0.07063999,-84.33809280395508,0.06474218,0.0,0.01901593,-0.051624063,-0.07064
140,General,0.5275258421897888,0.4490842819213867,-0.0784415602684021,-14.869709499498047,0.5385983,0.45992225,-0.078676045,-14.60755467414856,0.4721636,0.39489454,0.06643471,-0.012241334,-0.078676045
148,General,0.2751385023196538,0.21539559960365295,-0.059742902716000856,-21.71375587651924,0.31158042,0.23190027,-0.079680145,-25.572898983955383,0.14985411,0.13287224,0.16172631,0.082046166,-0.079680145
69,General,1.818034291267395,1.800147533416748,-0.017886757850646973,-0.9838515113033257,1.8620236,1.7786316,-0.083392024,-4.4785697013139725,1.5980877,1.9077269,0.26393592,0.1805439,-0.083392024
147,General,0.5786122679710388,0.5109961628913879,-0.06761610507965088,-11.685909342495181,0.58979297,0.5063318,-0.083461165,-14.15092647075653,0.522709,0.53431773,0.067083955,-0.01637721,-0.083461165
105,General,0.29066750407218933,0.16474154243866604,-0.1259259616335233,-43.323027125264296,0.2986559,0.20642158,-0.09223431,-30.88313937187195,0.2507254,0.25717372,0.04793051,-0.044303805,-0.09223431
79,General,0.27763333916664124,0.19768483936786652,-0.07994849979877472,-28.79643346823992,0.23867674,0.14591983,-0.09275691,-38.862988352775574,0.47241646,0.4565099,-0.23373972,-0.32649663,-0.09275691
101,BERT Financial,0.7857683300971985,0.7352814078330994,-0.05048692226409912,-6.425166341058051,0.85278624,0.7597212,-0.09306502,-10.913053900003433,0.45067826,0.6130825,0.40210798,0.30904296,-0.09306502
47,General,0.19287225604057312,0.05557787915070851,-0.13729437688986462,-71.1840985885409,0.17080814,0.07764865,-0.09315949,-54.540425539016724,0.3031928,0.111957684,-0.13238466,-0.22554415,-0.0931595
76,General,0.2845276892185211,0.20343667268753052,-0.0810910165309906,-28.50021969872732,0.30630073,0.21084072,-0.09546001,-31.165453791618347,0.1756626,0.16641644,0.13063812,0.03517811,-0.09546001
118,General,0.37415928343931837,0.31751537322998047,-0.0566439102093379,-15.138982972348053,0.39512855,0.29635406,-0.09877449,-24.99806582927704,0.34672529,0.42332202,0.048403263,-0.05037123,-0.09877449
166,General,0.29180440306663513,0.24083803594112396,-0.05096636712551117,-17.465934917326358,0.33397537,0.23092242,-0.10305296,-30.856454372406006,0.08094951,0.29041606,0.25302586,0.14997292,-0.103052944
19,BERT Financial,0.512501060962677,0.40878560741742453,-0.10371545354525247,-20.237119773066297,0.56055677,0.44784373,-0.11271304,-20.107336342334747,0.27222267,0.2980714,0.2883341,0.17562106,-0.11271304
1,General,0.20332922041416168,0.08672613650560379,-0.11660308390855789,-57.34693895498584,0.19596039,0.079830706,-0.11612968,-59.26181674003601,0.24017337,0.12120326,-0.044212982,-0.16034266,-0.11612968
145,General,0.7794525623321533,0.6733793616294861,-0.10607320070266724,-13.608679453858228,0.75585586,0.63921046,-0.116645396,-15.432228147983551,0.8974363,0.84422386,-0.14158046,-0.25822586,-0.116645396
84,General,0.7602901458740234,0.6102117896080017,-0.15007835626602173,-19.739616129509724,0.7084564,0.58737206,-0.12108433,-17.091289162635803,1.0194589,0.72441024,-0.3110025,-0.43208683,-0.12108433
25,BERT Financial,0.3175778090953827,0.2149554342031479,-0.1026223748922348,-32.31408869043893,0.3637323,0.23668975,-0.12704256,-34.92749035358429,0.086805284,0.106284045,0.27692702,0.14988446,-0.12704256
28,General,0.3944501578807831,0.26464956998825073,-0.12980058789253235,-32.906714650564986,0.3548328,0.2275595,-0.12727329,-35.86852550506592,0.5925372,0.45009977,-0.23770443,-0.36497772,-0.12727329
135,General,0.5919688940048218,0.4422449767589569,-0.14972391724586487,-25.29253120598011,0.547432,0.4183111,-0.12912092,-23.586657643318176,0.8146534,0.56191444,-0.2672214,-0.3963423,-0.12912092
193,General,0.3801444470882416,0.23919320553541185,-0.14095124155282973,-37.07833762467435,0.36177823,0.23057109,-0.13120714,-36.26728355884552,0.47197548,0.33179188,-0.110197246,-0.24140438,-0.13120714
110,General,0.1763116051753362,0.07279869367678961,-0.10351291149854659,-58.71020877814954,0.20371446,0.07134229,-0.13237217,-64.9792730808258,0.075775586,0.0951425,0.12793887,-0.0044332966,-0.13237217
88,General,0.28036973973115287,0.16737715899944305,-0.11299258073170981,-40.301275323099645,0.32227194,0.18980454,-0.1324674,-41.10423028469086,0.12886603,0.055240177,0.19340591,0.060938507,-0.1324674
39,General,0.7474737167358398,0.6211743950843811,-0.12629932165145874,-16.896824439927887,0.7564949,0.61789393,-0.13860095,-18.321464955806732,0.70236766,0.63757646,0.054127216,-0.08447373,-0.13860095
180,General,0.17104122837384542,0.03291328052679698,-0.13812794784704843,-80.7571070205025,0.18572895,0.045761563,-0.13996738,-75.36110281944275,0.17090593,0.04048266,0.0148230195,-0.12514436,-0.13996738
154,BERT Financial,0.7305600643157959,0.6045573949813843,-0.12600266933441162,-17.24740722755207,0.792989,0.6501828,-0.14280623,-18.008601665496826,0.41841507,0.37643063,0.37457395,0.23176771,-0.14280623
10,General,0.5760567784309387,0.4198746085166931,-0.1561821699142456,-27.11228749701618,0.5140697,0.36972684,-0.14434284,-28.078457713127136,0.8859924,0.67061335,-0.37192273,-0.5162656,-0.14434284
7,General,0.1530705839395523,0.006617354229092598,-0.1464532297104597,-95.67692625272417,0.15513593,0.010188055,-0.14494787,-93.43281984329224,0.14274375,0.008615909,0.012392178,-0.1325557,-0.14494787
139,General,0.7140025496482849,0.5515596350034078,-0.16244291464487715,-22.751027251218634,0.6738241,0.5275223,-0.14630175,-21.712158620357513,0.91489536,0.785862,-0.24107128,-0.38737303,-0.14630175
36,General,1.0567433834075928,0.9323152303695679,-0.1244281530380249,-11.774680115506543,1.076612,0.9244622,-0.1521498,-14.13227766752243,0.957401,0.9715807,0.11921102,-0.03293878,-0.1521498
164,BERT Financial,0.5240249037742615,0.38372957706451416,-0.14029532670974731,-26.772644906621363,0.57502496,0.4168704,-0.15815458,-27.503949403762817,0.26902458,0.21802557,0.30600038,0.1478458,-0.15815458
24,General,0.4314427375793457,0.2792549133300781,-0.15218782424926758,-35.274165258438046,0.4613522,0.2955056,-0.16584659,-35.94793379306793,0.28189558,0.19800147,0.17945662,0.013610035,-0.16584659
23,General,0.8415667414665222,0.6794256567955017,-0.1621410846710205,-19.266574673385016,0.8135347,0.64430285,-0.16923183,-20.80204337835312,0.98172665,0.8550397,-0.16819197,-0.3374238,-0.16923183
167,BERT Financial,0.46188321709632874,0.3029887109994888,-0.15889450609683992,-34.40144612652195,0.519392,0.3203678,-0.1990242,-38.31868767738342,0.17433935,0.27878055,0.34505266,0.14602846,-0.1990242
130,BERT Financial,0.6314653754234314,0.4260621666908264,-0.20540320873260498,-32.52802397833312,0.67964995,0.4777977,-0.20185226,-29.69944477081299,0.39054298,0.16738467,0.28910697,0.0872547,-0.20185226
159,General,0.6784871816635132,0.48809531331062317,-0.19039186835289001,-28.06123291616029,0.7059796,0.5024589,-0.20352072,-28.828129172325134,0.5410255,0.4162776,0.16495407,-0.03856665,-0.20352072
123,General,0.9218679070472717,0.7059050798416138,-0.21596282720565796,-23.42665641733678,0.9522157,0.7462519,-0.20596379,-21.629951894283295,0.770129,0.50417054,0.18208665,-0.023877144,-0.20596379
175,General,0.6238296031951904,0.43265968561172485,-0.19116991758346558,-30.644572909703726,0.6509601,0.43393707,-0.21702302,-33.338913321495056,0.48817706,0.42627257,0.16278303,-0.05423999,-0.21702302
70,General,0.4786643981933594,0.2747928202152252,-0.20387157797813416,-42.59175713665235,0.49688816,0.27668118,-0.22020698,-44.31721270084381,0.38754544,0.26535112,0.109342724,-0.11086425,-0.22020698
186,General,0.7970477938652039,0.5807713866233826,-0.2162764072418213,-27.134684884203796,0.8070219,0.5778342,-0.22918773,-28.39919626712799,0.7471774,0.5954573,0.059844494,-0.16934323,-0.22918773
171,General,0.4241451621055603,0.22144237160682678,-0.20270279049873352,-47.790900052347006,0.4457592,0.21452795,-0.23123126,-51.87358260154724,0.31607494,0.25601456,0.12968427,-0.10154699,-0.23123126
134,Consistent Financial,1.0123002529144287,0.8039672374725342,-0.20833301544189453,-20.58016036666003,1.1458355,0.9105131,-0.23532242,-20.53719013929367,0.34462324,0.27123767,0.8012123,0.56588984,-0.23532248
122,General,0.34676334261894226,0.06133929739395778,-0.2854240452249845,-82.3109049155281,0.31623706,0.07732842,-0.23890865,-75.5473256111145,0.49939504,0.038014572,-0.18315798,-0.42206663,-0.23890865
169,General,0.7046071887016296,0.4295580983161926,-0.275049090385437,-39.03580531051157,0.6601442,0.40638626,-0.25375795,-38.43977451324463,0.926922,0.5454173,-0.2667778,-0.52053577,-0.25375795
82,General,0.398318350315094,0.1260690838098526,-0.2722492665052414,-68.34966711673607,0.41247505,0.14597899,-0.26649606,-64.60901498794556,0.32753497,0.026519563,0.084940076,-0.18155599,-0.26649606
29,General,0.6121072173118591,0.3099319338798523,-0.30217528343200684,-49.36639772996717,0.62135154,0.3418234,-0.27952814,-44.987115263938904,0.56588566,0.15047479,0.055465877,-0.22406226,-0.27952814
108,Consistent Financial,1.1374049186706543,0.8951433897018433,-0.24226152896881104,-21.299497214409357,1.2519083,0.9704354,-0.28147292,-22.48350977897644,0.56488764,0.5186828,0.68702066,0.40554774,-0.28147292
189,General,0.42861780524253845,0.16274972259998322,-0.26586808264255524,-62.02917363456486,0.44200227,0.1380176,-0.30398467,-68.77446174621582,0.36169535,0.2864103,0.08030692,-0.22367775,-0.30398467
11,General,0.5415741801261902,0.24623446861902873,-0.29533971150716143,-54.53356573209332,0.57309985,0.2682909,-0.30480894,-53.18601131439209,0.38394576,0.2414813,0.18915409,-0.115654856,-0.30480894
64,General,0.8742843270301819,0.5670132040977478,-0.3072711229324341,-35.145445644232225,0.8623028,0.54066986,-0.32163292,-37.29930222034454,0.9341917,0.69873005,-0.07188892,-0.39352185,-0.32163292
74,General,0.582503616809845,0.26934269070625305,-0.3131609261035919,-53.761198568801596,0.5848441,0.26179004,-0.32305408,-55.2376389503479,0.57080114,0.30710596,0.0140429735,-0.3090111,-0.32305408
191,General,0.31301209330558777,0.0036805387275914347,-0.3093315545779963,-98.82415446357908,0.34032264,0.012045399,-0.32827723,-96.46059274673462,0.17645943,0.0,0.16386321,-0.16441403,-0.32827723
195,General,0.8941056728363037,0.5234319567680359,-0.3706737160682678,-41.45748397864513,0.88941157,0.537101,-0.3523106,-39.61164951324463,0.917576,0.4550869,-0.028164446,-0.38047504,-0.3523106
157,General,0.956218421459198,0.6110929250717163,-0.3451254963874817,-36.092747079774625,0.96314585,0.6059249,-0.35722095,-37.08897829055786,0.9215807,0.63693327,0.04156518,-0.31565577,-0.35722095
31,General,0.9675959348678589,0.58353191614151,-0.3840640187263489,-39.69260358444966,0.9588507,0.5838381,-0.37501258,-39.11063373088837,1.0113219,0.58200055,-0.05247122,-0.4274838,-0.37501258
132,General,0.46510735154151917,0.1166430413722992,-0.34846431016921997,-74.9212647390531,0.5099189,0.11792903,-0.3919899,-76.87298059463501,0.24104984,0.11021308,0.2688691,-0.123120815,-0.39198992
13,General,0.7505835890769958,0.3725442588329315,-0.37803933024406433,-50.366053261162435,0.74858254,0.3545558,-0.39402676,-52.63637900352478,0.76058924,0.46248642,-0.0120067,-0.40603346,-0.39402676
68,General,0.709360659122467,0.2863689661026001,-0.42299169301986694,-59.62999041180825,0.6816885,0.26420617,-0.41748232,-61.24238967895508,0.8477211,0.39718285,-0.16603261,-0.5835149,-0.41748232
181,General,1.0340842008590698,0.6336998343467712,-0.4003843665122986,-38.718739361811885,1.0784695,0.65850013,-0.41996938,-38.94123733043671,0.8121581,0.5096983,0.2663114,-0.15365797,-0.41996938
168,General,0.6073462963104248,0.1650049388408661,-0.4423413574695587,-72.83181936841362,0.58501667,0.16350622,-0.42151046,-72.0510184764862,0.71899426,0.28250185,-0.13397759,-0.55548805,-0.42151046
26,General,1.65495765209198,1.1749595403671265,-0.4799981117248535,-29.003649194171405,1.5930301,1.1151738,-0.47785628,-29.996690154075623,1.9645962,1.4738882,-0.37156606,-0.84942234,-0.47785628
144,General,0.5449265837669373,0.05591187179088593,-0.48901471197605134,-89.73955878526213,0.5736816,0.06867131,-0.5050103,-88.02971839904785,0.40115166,0.04372561,0.17252994,-0.33248034,-0.50501025
20,BERT Financial,0.8112581372261047,0.32234546542167664,-0.4889126718044281,-60.2659806256173,0.92295396,0.35330474,-0.5696492,-61.72022223472595,0.2527787,0.16754946,0.67017525,0.100526035,-0.5696492
156,General,0.8957970142364502,0.29263171553611755,-0.6031652987003326,-67.33280967836805,0.9199357,0.3196823,-0.6002534,-65.24949669837952,0.7751035,0.15737872,0.1448322,-0.4554212,-0.6002534
58,BERT Financial,1.3337172269821167,0.8036068081855774,-0.5301104187965393,-39.74683749088646,1.4973367,0.8813948,-0.61594194,-41.13583266735077,0.515619,0.41466698,0.98171777,0.36577582,-0.61594194
4,General,1.1645311117172241,0.5146757364273071,-0.649855375289917,-55.8040372430786,1.1972426,0.55977196,-0.63747066,-53.244900703430176,1.0009732,0.28919458,0.1962694,-0.44120127,-0.63747066
41,BERT Financial,0.7004271149635315,0.10276220167676609,-0.5976649132867654,-85.3286374154552,0.7615681,0.11552112,-0.646047,-84.83114838600159,0.39472172,0.060228795,0.3668464,-0.2792006,-0.646047
50,General,1.6236646175384521,0.9727436304092407,-0.6509209871292114,-40.08962073189946,1.6122606,0.93597466,-0.6762859,-41.94644093513489,1.680685,1.1565883,-0.06842446,-0.7447104,-0.6762859
142,General,1.0602985620498657,0.31724998354911804,-0.7430485785007477,-70.07918383518492,1.0667686,0.28256917,-0.7841995,-73.5116720199585,1.0279485,0.49065417,0.038820148,-0.7453793,-0.7841995
141,General,1.0166692733764648,0.17047880589962006,-0.8461904674768448,-83.23163585602994,0.97640383,0.17497861,-0.8014252,-82.07927942276001,1.2179968,0.1479798,-0.241593,-1.0430182,-0.8014252
131,BERT Financial,1.337962031364441,0.2177080661058426,-1.1202539652585983,-83.728382345512,1.386156,0.23731196,-1.148844,-82.87985324859619,1.0969925,0.119688466,0.28916347,-0.85968053,-1.148844
