date,symbol,price_direction,price_change,news_count,api_type,feature_11_3290,feature_11_5655,feature_11_6067,feature_11_7127,feature_11_9259,feature_11_10912,feature_11_12500,feature_11_16317,feature_11_18645,feature_11_23683,feature_2_2650,feature_2_3339,feature_2_4460,feature_2_5505,feature_2_9403,feature_2_9455,feature_2_19269,feature_2_19358,feature_2_21981,feature_2_23090,feature_1_414,feature_1_2502,feature_1_3597,feature_1_5609,feature_1_6071,feature_1_8549,feature_1_16724,feature_1_17263,feature_1_19188,feature_1_22733,feature_10_8188,feature_10_9197,feature_10_10243,feature_10_11264,feature_10_12749,feature_10_13413,feature_10_13863,feature_10_16317,feature_10_18354,feature_10_24509,feature_8_4339,feature_8_6772,feature_8_7145,feature_8_8199,feature_8_9877,feature_8_11988,feature_8_13270,feature_8_16672,feature_8_20970,feature_8_22442,feature_9_2461,feature_9_7742,feature_9_8199,feature_9_10370,feature_9_11011,feature_9_12402,feature_9_14577,feature_9_15496,feature_9_22442,feature_9_23050,feature_7_4339,feature_7_9877,feature_7_11841,feature_7_16618,feature_7_16672,feature_7_17009,feature_7_19233,feature_7_19358,feature_7_20970,feature_7_23013,feature_6_1565,feature_6_1986,feature_6_2143,feature_6_3889,feature_6_4983,feature_6_5649,feature_6_8092,feature_6_11916,feature_6_16270,feature_6_16486,feature_5_10,feature_5_2143,feature_5_3903,feature_5_5168,feature_5_8045,feature_5_9877,feature_5_12693,feature_5_14552,feature_5_16270,feature_5_19099,feature_0_1438,feature_0_4362,feature_0_4527,feature_0_5366,feature_0_5609,feature_0_7392,feature_0_9858,feature_0_10758,feature_0_13724,feature_0_20529,feature_3_2143,feature_3_2602,feature_3_4460,feature_3_4952,feature_3_7547,feature_3_9403,feature_3_9869,feature_3_14375,feature_3_17560,feature_3_21754,feature_4_2143,feature_4_4093,feature_4_4460,feature_4_4983,feature_4_5505,feature_4_9403,feature_4_15578,feature_4_16270,feature_4_16724,feature_4_16957
2025-07-07 00:00:00-04:00,MSFT,0,-0.002210090213006833,5,alpha_vantage,0.2907695323228836,0.32792086601257325,0.25509123504161835,0.24492406249046325,0.30057674646377563,0.30346949100494386,0.3349795162677765,0.4798667669296265,0.29797145128250124,0.15558803379535674,0.4650451421737671,0.21901961266994477,0.28871833682060244,0.350098979473114,0.3404501020908356,0.3685831487178802,0.2794071793556213,0.2228188395500183,0.29589287638664247,0.33978947401046755,0.19741520881652833,0.23758053183555602,0.2867307484149933,0.293910014629364,0.17466319501399993,0.3470770657062531,0.3526736795902252,0.35676867365837095,0.4271047532558441,0.19448237419128417,0.31128297448158265,0.42234909534454346,0.17346677780151368,0.5174753904342652,0.27462027668952943,0.24643541872501373,0.3641948401927948,0.4416811168193817,0.4126304626464844,0.21884256601333618,0.3148888528347015,0.45677501559257505,0.35926303267478943,0.3424390196800232,0.2479977548122406,0.23364947438240052,0.4168033480644226,0.300869283080101,0.25911937057971957,0.26641305088996886,0.40251738429069517,0.38895238041877744,0.4073154807090759,0.3005272299051285,0.3386348903179169,0.1685147374868393,0.29072797298431396,0.2221384346485138,0.2555528521537781,0.30691070556640626,0.2822055518627167,0.3210605442523956,0.45625361800193787,0.286314857006073,0.32860924005508424,0.27052223682403564,0.2632972538471222,0.39654797315597534,0.35174465775489805,0.5005823194980621,0.39559572339057925,0.35245696306228635,0.4940930724143982,0.29065269231796265,0.7570748686790466,0.42692185640335084,0.5288144409656524,0.25337413549423216,0.26152857542037966,0.555545836687088,0.4226868569850922,0.4364760220050812,0.41753607988357544,0.3276716858148575,0.31211737394332884,0.3305470943450928,0.44819778203964233,0.26533123254776003,0.2946967244148254,0.4066209316253662,0.34794833064079284,0.406456059217453,0.15981448739767073,0.21192955374717712,0.2771260470151901,0.2179216891527176,0.43606985211372373,0.39913641214370726,0.3603955149650574,0.2264988213777542,0.23525973856449128,0.4197841286659241,0.24784157276153565,0.3254289448261261,0.240956848859787,0.338439279794693,0.5319734692573548,0.42079744935035707,0.43252488374710085,0.23272333443164825,0.3059763848781586,0.43796024322509763,0.30539100170135497,0.6534272313117981,0.3423594176769257,0.36343961358070376,0.4089576959609985,0.2687237411737442,0.4677193284034729,0.5858359694480896
2025-07-08 00:00:00-04:00,MSFT,1,0.01387381643143801,3,alpha_vantage,0.2884170015652974,0.3151915967464447,0.35310594240824383,0.26170499126116437,0.2989996572335561,0.2823309004306793,0.28504247466723126,0.5089824000994364,0.31645698348681134,0.15349013606707254,0.5493639210859934,0.24276102582613626,0.2906962086757024,0.2578417658805847,0.3240775465965271,0.3484339614709218,0.2868700971206029,0.21517727275689444,0.29784635702768963,0.3267973264058431,0.19707642495632172,0.22880214949448904,0.23540285726388296,0.24516243735949197,0.18200683097044626,0.29529300332069397,0.29767172535260517,0.3537375032901764,0.39990805586179096,0.1970187226931254,0.24101613461971283,0.25968602299690247,0.23869671920935312,0.47354209423065186,0.32151615619659424,0.24830416838328043,0.3345426122347514,0.45367323358853656,0.40197885036468506,0.21694894631703696,0.2915785809357961,0.43231836954752606,0.2749516119559606,0.2787121931711833,0.2649564941724141,0.2949427862962087,0.3673960467179616,0.27330395579338074,0.277580847342809,0.2687521775563558,0.42502838373184204,0.43703505396842957,0.2937525312105815,0.2059051195780436,0.32322460412979126,0.16400396078824997,0.3208080430825551,0.19667317469914755,0.23472562928994498,0.29683202505111694,0.2816513528426488,0.3217211564381917,0.4122153917948405,0.2909258206685384,0.3373325665791829,0.3013319671154022,0.28532445927460987,0.325653076171875,0.36927564938863117,0.46149831016858417,0.41616395115852356,0.3423205018043518,0.46641284227371216,0.30342772603034973,0.6991471449534098,0.4457213183244069,0.4905652503172557,0.26725707451502484,0.2664078027009964,0.5045546193917593,0.48160771528879803,0.39330657323201496,0.4542851746082306,0.26132746537526447,0.29411272207895917,0.32747286558151245,0.4674391448497772,0.2652341326077779,0.2825401524702708,0.3954967459042867,0.3624410927295685,0.3987571398417155,0.11319815615812938,0.20925498505433401,0.23487789928913116,0.19572520752747855,0.3627345065275828,0.31073566277821857,0.36567501227060956,0.25211896498998004,0.23805841306845346,0.3853103816509247,0.28772392372290295,0.31096107761065167,0.2267968108256658,0.32699114084243774,0.4594795803229014,0.427388072013855,0.4263824721177419,0.2170284390449524,0.29163864254951477,0.45817280809084576,0.3209441403547923,0.6170172890027364,0.2632513592640559,0.36607558528582257,0.3357732991377513,0.2678076873222987,0.4461351235707601,0.5129023790359497
2025-07-09 00:00:00-04:00,MSFT,0,-0.004031694981082508,5,alpha_vantage,0.2678763747215271,0.3137442409992218,0.2822266936302185,0.22700324654579163,0.2985141336917877,0.31136530041694643,0.3292567014694214,0.5087807893753051,0.3332778632640839,0.13850513100624084,0.4964613378047943,0.23974885940551757,0.2940588265657425,0.29912684559822084,0.3376763820648193,0.35147247910499574,0.27832060754299165,0.20864676535129548,0.3116098940372467,0.3538659691810608,0.21758919656276704,0.2025986522436142,0.27084065675735475,0.2660589635372162,0.1767607271671295,0.34114274978637693,0.3117484152317047,0.3851995050907135,0.41616958379745483,0.18609464764595032,0.25091297924518585,0.3522184908390045,0.1861196607351303,0.4766550540924072,0.29365025758743285,0.24816883206367493,0.32153317928314207,0.4777033686637878,0.3953652918338776,0.2180660218000412,0.30072752833366395,0.47049827575683595,0.324466747045517,0.3321042418479919,0.2560761570930481,0.2581475585699081,0.42639692425727843,0.2799237728118896,0.2507221221923828,0.2623585820198059,0.4007493734359741,0.37808030247688296,0.3799160361289978,0.2334951400756836,0.31934602856636046,0.1791629359126091,0.29818245470523835,0.21127160191535949,0.23273540437221527,0.29345945119857786,0.2862288117408752,0.3203247547149658,0.42121015191078187,0.289659583568573,0.32478356957435606,0.2798426032066345,0.2418326646089554,0.3643428564071655,0.36188068985939026,0.47027931809425355,0.4000330924987793,0.33557045459747314,0.46680012345314026,0.29896069765090943,0.7237269639968872,0.422936874628067,0.4952934324741364,0.24890272617340087,0.24482226073741914,0.5082806289196015,0.4495132386684418,0.3946516752243042,0.4201918363571167,0.287650266289711,0.31536380648612977,0.3289319097995758,0.41863659024238586,0.2631563901901245,0.27230101227760317,0.3759410858154297,0.3261854827404022,0.36065894961357114,0.19044177532196044,0.20338659584522248,0.26813808381557463,0.22430299520492553,0.3903094530105591,0.38367111682891847,0.3155402481555939,0.21552014648914336,0.24167820513248445,0.392521995306015,0.271867635846138,0.3229138672351837,0.2211225539445877,0.3334499835968018,0.4890145301818848,0.40433062314987184,0.44172940254211424,0.22128924131393432,0.28839452266693116,0.43223837614059446,0.3134661316871643,0.634085762500763,0.2960990726947784,0.34571667313575744,0.378194659948349,0.2680248647928238,0.443323540687561,0.5614923954010009
2025-07-10 00:00:00-04:00,MSFT,1,0.0036691319645456195,7,alpha_vantage,0.2775744008166449,0.3322942852973938,0.300848839538438,0.26162914080279215,0.30321010521480013,0.3079358381884439,0.30115598865917753,0.46215902056012836,0.3149023311478751,0.15052868851593562,0.4951084383896419,0.21771900142942155,0.32103883155754637,0.3361800100122179,0.3167132522378649,0.3725650097642626,0.32644084308828625,0.24559440995965684,0.2926135403769357,0.34251717158726286,0.23163302881377085,0.20857231318950653,0.2892826667853764,0.25781841788973126,0.18688493967056274,0.32778710552624296,0.2969663568905422,0.339386271578925,0.42085173300334383,0.16173038738114492,0.2503499239683151,0.28890341094561983,0.2170074028628213,0.4598415195941925,0.2857472470828465,0.27090234202998026,0.34374770522117615,0.4188856823103769,0.39259452904973713,0.2044897015605654,0.28435676438467844,0.4672078490257263,0.3509162025792258,0.30974118624414715,0.24351982985224044,0.28004980087280273,0.34544155853135244,0.2786049374512264,0.23588229502950395,0.28576388529368807,0.4149113042013986,0.378255158662796,0.3429826370307377,0.23686395585536957,0.293469956942967,0.14663122487919672,0.2899624024118696,0.2433439748627799,0.2560227619750159,0.28836603249822346,0.2791771718433925,0.3016945847443172,0.43166989939553396,0.26899828229631695,0.3359087790761675,0.2704394374574934,0.2514297855751855,0.36413265977587017,0.34397508416857037,0.45949891209602356,0.3783011223588671,0.3396598867007664,0.47937001075063435,0.291642427444458,0.7362601416451591,0.4388731760638101,0.4882614186831883,0.2511138490268162,0.2606505219425474,0.5565177372523716,0.45623284578323364,0.40764417392866953,0.42872818452971323,0.26631684388433186,0.2773623381342207,0.31155356764793396,0.4639671572617122,0.2379956500870841,0.2691421295915331,0.38936967509133474,0.32391671197754995,0.38000904662268503,0.13673787244728633,0.21399259780134475,0.2569246952022825,0.2304254216807229,0.41384316767965046,0.3921375700405666,0.36471642340932575,0.23621454622064317,0.24935163770403182,0.41540337460381643,0.2872613306556429,0.3061680240290506,0.2285291531256267,0.31566719497953144,0.4982492412839617,0.3611441893236978,0.40799624153545927,0.2268674671649933,0.29483617203576223,0.4429177556719099,0.3275531828403473,0.6391220433371407,0.3212198827947889,0.34829142689704895,0.36676538842064993,0.2509266414812633,0.41509351560047697,0.5499410544122968
2025-07-11 00:00:00-04:00,MSFT,0,-0.0005960786501252971,7,alpha_vantage,0.2936022920267923,0.29784551688602995,0.2832221005644117,0.25389481655188967,0.2975096361977713,0.2821223735809326,0.3151333268199648,0.5309923120907375,0.30025535821914673,0.12550904495375498,0.5248649035181318,0.20099991347108567,0.3153889115367617,0.28300655739648,0.32834234833717346,0.3683634400367737,0.2915870611156736,0.22629075816699437,0.2818049533026559,0.36272294180733816,0.1972461427961077,0.22721755930355617,0.2939689201968057,0.285817699772971,0.17247849915708816,0.2721658561910902,0.3256524077483586,0.3777725100517273,0.4120092136519296,0.18711035805089132,0.27966051016535076,0.36810910276004244,0.20255562663078308,0.52378882254873,0.3037553152867726,0.261982975261552,0.3654225468635559,0.49034341318266733,0.4249712611947741,0.22332328770841872,0.3182285598346165,0.46063378027507235,0.31204008204596384,0.33513909365449635,0.24492108183247702,0.2959413358143398,0.34457013862473623,0.28148675177778515,0.26485395218644825,0.2455227928502219,0.4090768737452371,0.411398994071143,0.3667685644967215,0.25189944888864246,0.35261950322559904,0.18765246123075485,0.3344201828752245,0.23515642327921732,0.23487268601145064,0.32246219260352,0.32312571150915964,0.3099794217518398,0.4542060451848166,0.2782864634479795,0.35207163436072214,0.3046135348933084,0.27732627519539427,0.3673328714711325,0.3488114518778665,0.4924668627125876,0.43604408843176706,0.354917688029153,0.49847530892917086,0.2894404147352491,0.7538228120122638,0.45309742433684214,0.49084040948322843,0.26293450806822094,0.25975802327905384,0.49682827080999103,0.4506479629448482,0.4405819518225534,0.4326551854610443,0.30888027591364725,0.30446256484304157,0.32183046426091877,0.4891704193183354,0.2684273975236075,0.28559088706970215,0.4148568298135485,0.3226752919810159,0.3588776503290449,0.1205863526889256,0.21864856353827886,0.24749010801315308,0.21328143988336837,0.4626981999192919,0.3447393221514566,0.38986866389002117,0.23591712968690054,0.24680703665528977,0.3889875199113573,0.2933686354330608,0.2787869232041495,0.21771180416856492,0.33370589358466013,0.4900186232158116,0.43058242968150545,0.39245080947875977,0.20756122469902039,0.31915928636278423,0.4673574609415872,0.3269623134817396,0.6843055060931614,0.303799250296184,0.3577876261302403,0.406753876379558,0.24750700167247228,0.4583380562918527,0.5503419211932591
2025-07-14 00:00:00-04:00,MSFT,1,0.00556641559321964,5,alpha_vantage,0.29301308989524844,0.31496973633766173,0.3129839479923248,0.24801336228847504,0.31771360635757445,0.29597795009613037,0.2875334322452545,0.4955142617225647,0.3162232756614685,0.1827412039041519,0.47855445742607117,0.27622024416923524,0.30052403807640077,0.3486561179161072,0.3384533584117889,0.38500323295593264,0.2826793372631073,0.2472590297460556,0.30328572988510133,0.32261269688606264,0.20366196632385253,0.23653655052185057,0.3054073303937912,0.29163808822631837,0.15813045501708983,0.34583804607391355,0.33301960229873656,0.2930859386920929,0.42804387807846067,0.20200227946043015,0.3187792718410492,0.32255703806877134,0.19302998185157777,0.49268064498901365,0.27776867151260376,0.2853496491909027,0.36950870156288146,0.4323521196842194,0.4245080351829529,0.21813998222351075,0.29742918014526365,0.4745817482471466,0.33558768332004546,0.3072254240512848,0.2794586718082428,0.2598124861717224,0.41814483404159547,0.3203263282775879,0.25558288395404816,0.27353384494781496,0.3989952802658081,0.42495611906051634,0.34180728793144227,0.2777303844690323,0.3277920663356781,0.15826131403446198,0.2620995074510574,0.20800381302833557,0.24896647334098815,0.3027284204959869,0.2550420492887497,0.3418399810791016,0.4377805769443512,0.25796144008636473,0.35078951716423035,0.2716731607913971,0.2715026676654816,0.38727717399597167,0.35527573227882386,0.4860245645046234,0.395032662153244,0.3630435287952423,0.4885535717010498,0.28073005080223085,0.7177598476409912,0.41648229360580447,0.5167108714580536,0.27868086099624634,0.26069988012313844,0.560634434223175,0.44961798191070557,0.4311686098575592,0.4411971390247345,0.3103803426027298,0.3132885754108429,0.3457250475883484,0.46213259100914,0.2931394338607788,0.3010107219219208,0.4055857002735138,0.3534460008144379,0.43370524048805237,0.12132821828126908,0.2144284725189209,0.2925139248371124,0.1997423142194748,0.39792158007621764,0.39602142572402954,0.33716903924942015,0.2483257085084915,0.24342350363731385,0.4352375686168671,0.263627701997757,0.3423291742801666,0.2656399220228195,0.32962688207626345,0.5150382459163666,0.44068315625190735,0.4298265874385834,0.24750522375106812,0.30414665341377256,0.4463206768035889,0.3158016920089722,0.6128091812133789,0.33170110285282134,0.37386481165885926,0.35744611024856565,0.2734323710203171,0.46087761521339415,0.5622869491577148
2025-07-15 00:00:00-04:00,MSFT,0,-0.0003954216996858467,5,alpha_vantage,0.2825891673564911,0.3269424676895142,0.27269365191459655,0.2642171233892441,0.32485238313674925,0.28929651379585264,0.3196072816848755,0.49224904775619505,0.33988654613494873,0.1620337724685669,0.5579549193382263,0.23544689118862153,0.30024745464324953,0.30948160886764525,0.31470813751220705,0.3532007813453674,0.281272953748703,0.25645801723003386,0.2881175518035889,0.3373740553855896,0.16433586478233336,0.201059228181839,0.30620154142379763,0.2660312235355377,0.14947445094585418,0.3011446177959442,0.3113639712333679,0.3535998523235321,0.4352144956588745,0.1598036617040634,0.3254192352294922,0.31083824634552004,0.21814729571342467,0.554643714427948,0.28643503189086916,0.2687662482261658,0.31227174401283264,0.4716844081878662,0.43343119621276854,0.20605997145175933,0.2914336621761322,0.4960805416107178,0.32096114158630373,0.3378206729888916,0.24989108741283417,0.24128932356834412,0.4002885937690735,0.2929676115512848,0.22439962923526763,0.2775220513343811,0.4042061984539032,0.4100700318813324,0.36489824056625364,0.22220368385314943,0.3385743021965027,0.1811838835477829,0.3373079240322113,0.2231890916824341,0.26434172987937926,0.3076626181602478,0.2927904844284058,0.29905795454978945,0.40514915585517886,0.26477388143539426,0.37367703318595885,0.24422576427459716,0.24171878695487975,0.4268315672874451,0.3201570749282837,0.49559407234191893,0.4047261118888855,0.32691102027893065,0.4516369581222534,0.27704591751098634,0.7345525741577148,0.4271888732910156,0.5030450820922852,0.23529757261276246,0.22889789342880248,0.5475430846214294,0.5074890494346619,0.3748633325099945,0.43721590042114256,0.2768527388572693,0.25797287821769715,0.3033003568649292,0.4570570349693298,0.25617348551750185,0.26671889424324036,0.4047642946243286,0.3435677409172058,0.34425772428512574,0.11182436496019363,0.19803305268287658,0.24255062639713287,0.17890423834323882,0.3930272340774536,0.328165727853775,0.41096180081367495,0.23655173778533936,0.22505637109279633,0.4095818817615509,0.2777420520782471,0.2877959907054901,0.2614570498466492,0.30475550293922427,0.4584052085876465,0.40018988847732545,0.41850454807281495,0.19627581536769867,0.2824077844619751,0.42617547512054443,0.3339883863925934,0.6509068965911865,0.3027012526988983,0.33413485288619993,0.34679746627807617,0.24531985223293304,0.45141214728355405,0.5690237879753113
2025-07-16 00:00:00-04:00,MSFT,1,0.012024874705428895,5,alpha_vantage,0.28640292286872865,0.28615024089813235,0.3279384791851044,0.27500769793987273,0.2931383907794952,0.2685833632946014,0.24428318440914154,0.5286850690841675,0.24454219937324523,0.12481154203414917,0.5596490979194642,0.24432664215564728,0.29621932506561277,0.2674795985221863,0.33120059967041016,0.42868653535842893,0.3215422868728638,0.21464008688926697,0.2777937352657318,0.3372365415096283,0.19849323928356172,0.25120009779930114,0.2837777704000473,0.33136114478111267,0.21388230919837953,0.2896542906761169,0.31612440943717957,0.37006557583808897,0.4161830425262451,0.25608042180538176,0.23368334174156188,0.28009516596794126,0.2294759064912796,0.4538855254650116,0.25233634412288664,0.24078232944011688,0.36669498682022095,0.502116459608078,0.46767728924751284,0.2570473849773407,0.2923353433609009,0.4373068392276764,0.31203011572360995,0.2849424332380295,0.25501202046871185,0.28101529479026793,0.32819329500198363,0.25418241918087003,0.3174846678972244,0.23325430750846862,0.4189865469932556,0.4180519461631775,0.30277355909347536,0.27309162020683286,0.31093214750289916,0.19742336869239807,0.2923392355442047,0.22959533631801604,0.2187536984682083,0.2950239658355713,0.2773656457662582,0.3290229201316833,0.4655062258243561,0.2429518610239029,0.3058780193328857,0.29443395137786865,0.3150266528129578,0.365683913230896,0.39882767796516416,0.5196106553077697,0.39460513591766355,0.34808507561683655,0.5530854165554047,0.2912317097187042,0.7227650165557862,0.4129104554653168,0.48704737424850464,0.29338438510894777,0.30553982257843015,0.4563735008239746,0.41795802116394043,0.5192285001277923,0.3910570859909058,0.2702945500612259,0.290705668926239,0.32153348326683046,0.4837532162666321,0.2942382156848907,0.3340521097183228,0.4186434388160706,0.3462584614753723,0.39368972182273865,0.10199735164642335,0.21201250553131104,0.2901231437921524,0.2005724549293518,0.3923726737499237,0.3685939610004425,0.3774906814098358,0.2401029348373413,0.31553690433502196,0.4548686325550079,0.282402241230011,0.30200791358947754,0.22848264873027802,0.33938883543014525,0.48672584891319276,0.4476008236408234,0.382174026966095,0.22690572142601012,0.39097670316696165,0.4666973650455475,0.3220810294151306,0.6376770853996276,0.2621002823114395,0.385148698091507,0.3718975007534027,0.28086221516132354,0.4315250515937805,0.527439558506012
2025-07-17 00:00:00-04:00,MSFT,0,-0.0032245932669528812,3,alpha_vantage,0.2910936375459035,0.3259849747021993,0.29394476612408954,0.2535529633363088,0.3165932893753052,0.2958023051420848,0.30605918169021606,0.4872911473115285,0.34130672613779706,0.1662603368361791,0.5181637207667033,0.26780979832013446,0.2826646417379379,0.32402535279591876,0.3139800230662028,0.34915511806805927,0.26655346651872,0.24708914756774902,0.2891632815202077,0.3214758038520813,0.17300042510032654,0.20872617264588675,0.2908769150575002,0.2780269881089528,0.13971995810667673,0.32495933771133423,0.320027361313502,0.3103615442911784,0.42014506459236145,0.1817314624786377,0.33254098892211914,0.308647096157074,0.21028404434521994,0.5259269873301188,0.2754772901535034,0.27675246198972064,0.3158128658930461,0.44169147809346515,0.42326130469640094,0.20615266263484955,0.2939307789007823,0.4839409689108531,0.335376371939977,0.31639227271080017,0.27864782015482586,0.2395030011733373,0.43978874882062274,0.30553533633550006,0.24159480134646097,0.2704427440961202,0.4031454722086589,0.3979889154434204,0.3568781316280365,0.2637675553560257,0.33816108107566833,0.1609636271993319,0.29869530101617175,0.20530812939008078,0.24819448093573251,0.2899177670478821,0.2766328652699788,0.3342143694559733,0.41152240832646686,0.2733343293269475,0.3492262065410614,0.23457525173823038,0.245525856812795,0.414310763279597,0.3426102002461751,0.49481486280759174,0.3950239419937134,0.3479006091753642,0.46305898825327557,0.2790885865688324,0.7069341142972311,0.41883040467898053,0.5187480052312216,0.23661525547504425,0.2253167380889257,0.5589501559734344,0.4887895981470744,0.3880531390508016,0.4302867352962494,0.3093434621890386,0.2863440712292989,0.33458755413691205,0.4433433810869853,0.267073522011439,0.2698161005973816,0.3902219335238139,0.3786447048187256,0.3861047724882762,0.12822135041157404,0.20951666434605917,0.26639152069886524,0.17600073417027792,0.36916141708691913,0.35644181569417316,0.3669126331806183,0.23953754206498465,0.2301128456989924,0.4281032383441925,0.26283031205336255,0.3183632691701253,0.26455507675806683,0.298992117245992,0.510126531124115,0.40809082984924316,0.44458022713661194,0.20933360358079275,0.28578147292137146,0.41760629415512085,0.31450413664182025,0.6088853081067404,0.31558050711949664,0.3349090814590454,0.32780444622039795,0.25789418319861096,0.4613295793533325,0.5697130958239237
2025-07-18 00:00:00-04:00,MSFT,1,1.962506786504032e-05,6,alpha_vantage,0.29503630101680756,0.30484676857789356,0.3307630866765976,0.26676170031229657,0.3038741896549861,0.28584811588128406,0.2727065260211627,0.5065815498431524,0.29875599841276806,0.15511716653903326,0.530914788444837,0.2690751204888026,0.3028539294997851,0.2918335596720378,0.32775819798310596,0.3673637906710307,0.29340369751056034,0.23014632364114126,0.28518450756867725,0.3290574749310811,0.1987636461853981,0.22755917410055795,0.27707917243242264,0.2855139523744583,0.17163104812304178,0.3081425776084264,0.3105597645044327,0.32329129179318744,0.41237818201382953,0.21565265456835428,0.27057552585999173,0.2772821883360545,0.22643858442703882,0.48740393420060474,0.2831060662865639,0.26073072602351505,0.3416856378316879,0.4528878629207611,0.4316013703743617,0.2252583180864652,0.2934460590283076,0.4559732327858607,0.30979540199041367,0.280724269648393,0.2753725548585256,0.27845065544048947,0.3841106245915095,0.2756989821791649,0.27863702178001404,0.25975577533245087,0.4148164590199788,0.42461158335208893,0.30226758619149524,0.2514378180106481,0.32793793578942615,0.1757351371149222,0.30115757634242374,0.2080780491232872,0.23033681511878967,0.29093990723292035,0.27402545760075253,0.33702796200911206,0.42805078625679016,0.27091585099697113,0.3206774691740672,0.28414159019788104,0.2790968418121338,0.3718448479970296,0.3731800963481267,0.48746949930985767,0.401025985678037,0.3495154281457265,0.49718278149763745,0.29646433889865875,0.7040382424990336,0.4246974438428879,0.5002573480208715,0.26108329991499585,0.2673308625817299,0.5193551729122797,0.46633419891198474,0.43637338777383167,0.4341433197259903,0.2898622254530589,0.3023959696292877,0.3350613663593928,0.4668323795000712,0.2793360849221547,0.29722994565963745,0.4062904765208562,0.36418570081392926,0.3978236864010493,0.12055166562398274,0.2187796284755071,0.2692689225077629,0.19337386886278787,0.37933969994386035,0.35560424129168194,0.3648449132839839,0.24662784487009048,0.2644493232170741,0.429221252600352,0.2848145042856534,0.32055772344271344,0.24560769895712534,0.3217599242925644,0.48801960051059723,0.42616744836171466,0.41867392261823017,0.22517367204030356,0.32306135694185895,0.4480193754037221,0.32272541522979736,0.6086631913979849,0.2890695507327716,0.3600386530160904,0.33715927600860596,0.2701322560509046,0.4530066599448522,0.5453560650348663
2025-07-21 00:00:00-04:00,MSFT,0,-0.00939106883082243,7,alpha_vantage,0.2923392057418823,0.311946553843362,0.2738034129142761,0.24840607387678965,0.3076223943914686,0.2868825835841043,0.31308187544345856,0.5104610877377647,0.3099264289651598,0.14679203501769475,0.5086866106305804,0.2312288795198713,0.28662278609616415,0.3183475264481136,0.32595843928200857,0.3782117324216025,0.2736916307892118,0.23444215527602605,0.2876545488834381,0.33875282747404917,0.17711987452847616,0.2309996336698532,0.300356605223247,0.3030896144253867,0.15927932730742864,0.30936479568481445,0.3408821736063276,0.34695967606135775,0.42181903975350515,0.19646816168512618,0.3254652661936624,0.37340087975774494,0.19125638902187347,0.5280909325395312,0.2743826700108392,0.26722083560058046,0.35489694135529654,0.47298018421445576,0.4350755214691162,0.22226080085550035,0.31120226212910246,0.47072626863207134,0.33727269087518963,0.33977481935705456,0.25993052976472036,0.2502949833869934,0.40417963692120146,0.3055188591991152,0.26046073862484526,0.2518232592514583,0.40096589071410044,0.4004094387803759,0.38646160279001507,0.2870726010629109,0.34817527873175486,0.17562761370624816,0.30131584831646513,0.22156679843153274,0.2443645511354719,0.3108048609324864,0.2948375344276428,0.32628992199897766,0.44885358214378357,0.2681101858615875,0.35283798405102323,0.26131037729127066,0.26915847829410006,0.4031736808163779,0.3484440105301993,0.5111477502754757,0.4119152809892382,0.35752444182123455,0.49506557839257376,0.27685853838920593,0.7405747771263123,0.4270274553980146,0.5159343906811306,0.2603604644536972,0.24777957584176744,0.5267827979155949,0.4474627503326961,0.4381699732371739,0.41709722791399273,0.3226554287331445,0.29862374918801443,0.33167690890175955,0.46434932947158813,0.2782586259501321,0.2910262218543461,0.40633061102458407,0.3535638877323696,0.3876849625791822,0.12325387128761836,0.2106087633541652,0.27315821179321836,0.19290400402886526,0.4232887923717499,0.36703341347830637,0.37428280285426546,0.23472537313188827,0.24287746208054678,0.42156743577548433,0.2612599240882056,0.3036400888647352,0.2463713905641011,0.32298882944243296,0.5192567450659615,0.4360507939543043,0.41954496077128817,0.21427285245486669,0.3163056969642639,0.4417982612337385,0.3125238631452833,0.6540526662554059,0.31990992597171236,0.3566018385546548,0.38508644700050354,0.2592089836086546,0.4654293102877481,0.5676385930606297
2025-07-22 00:00:00-04:00,MSFT,1,0.0011874960250199814,7,alpha_vantage,0.29328630013125284,0.30697200128010343,0.28789173918110983,0.24892062374523707,0.3089852162769863,0.29600758637700764,0.31179449387959074,0.5097042364733559,0.3025685804230826,0.16594770976475307,0.4907583211149488,0.2537174629313605,0.3106313518115452,0.32352645908083233,0.3508317768573761,0.36479618719645907,0.27972988145692007,0.22811305948666163,0.299478428704398,0.34367660113743376,0.20366999081202916,0.23373210855892726,0.29622985422611237,0.28754996401923044,0.16734067244189127,0.33190145237105234,0.33758047223091125,0.34258211510522024,0.42837940795081003,0.20510699493544443,0.2974813346351896,0.372292412178857,0.18686795234680176,0.5195379980972835,0.29092709507261005,0.25692038238048553,0.36468579939433504,0.46044028231075834,0.425528883934021,0.2243474211011614,0.31068068742752075,0.4676638458456312,0.3219752758741379,0.31878839220319477,0.2625707281487329,0.26127395033836365,0.4110146846090044,0.2950748120035444,0.2631151101418904,0.26512894460133146,0.40101555841309683,0.4288497907774789,0.3565605453082493,0.26340488876615253,0.3448877590043204,0.1868207688842501,0.30115190148353577,0.21045954738344466,0.24416812828608922,0.3128392824104854,0.27724331404481617,0.32874889033181326,0.4403379900114877,0.27789032672132763,0.3345487586089543,0.29862012607710703,0.2696815324681146,0.38634104813848225,0.35759871772357393,0.48917233092444284,0.41150773423058645,0.3504735401698521,0.4896967666489737,0.2962608592850821,0.7378472856112889,0.4252682328224182,0.5127484798431396,0.2653171398809978,0.26748317054339815,0.5374554949147361,0.4471754218850817,0.432523855141231,0.4429459869861603,0.31270300490515573,0.3236812097685678,0.3352168713297163,0.45882713368960787,0.286653356892722,0.3025819574083601,0.41695246526173185,0.33625072666576933,0.4000168442726135,0.1471842463527407,0.21507038176059723,0.276355830686433,0.2114930578640529,0.4254647025040218,0.37992140650749207,0.3542009336607797,0.2363970343555723,0.24292129703930446,0.4130801813943045,0.27279411469187054,0.33028530223029,0.24872230844838278,0.3451859142099108,0.489813221352441,0.44374519160815645,0.4233655035495758,0.23889248285974776,0.30779976504189627,0.4522419444152287,0.32146447045462473,0.6398473381996155,0.3203003257513046,0.3702442262853895,0.38603379896708895,0.2722783067396709,0.4730798900127411,0.5742734755788531
2025-07-23 00:00:00-04:00,MSFT,1,0.009903749607573393,4,alpha_vantage,0.268249724060297,0.3103673756122589,0.2900233380496502,0.258480217307806,0.310243584215641,0.2973077520728111,0.2921516038477421,0.5012841448187828,0.31169965863227844,0.14218982309103012,0.5519899874925613,0.2567695155739784,0.3027717284858227,0.2938197925686836,0.3257404938340187,0.3776850402355194,0.30361099168658257,0.23167061060667038,0.29349685460329056,0.3443935588002205,0.19875304773449898,0.19963306561112404,0.29600322246551514,0.28677787631750107,0.18234644085168839,0.32289421558380127,0.2971344590187073,0.3731848821043968,0.43072666972875595,0.1985943429172039,0.25579943507909775,0.28110457211732864,0.21808519586920738,0.4858049526810646,0.26291410997509956,0.25042326003313065,0.3077539652585983,0.488839328289032,0.4375859498977661,0.22720655426383018,0.2813904285430908,0.484901525080204,0.32595693320035934,0.3136191554367542,0.2533070743083954,0.24798458069562912,0.3952893391251564,0.26167889311909676,0.2539810985326767,0.2634979486465454,0.4059125781059265,0.3888758644461632,0.3402605950832367,0.22600391507148743,0.30648060888051987,0.1937920805066824,0.30794986337423325,0.22440217807888985,0.23862610757350922,0.28554417192935944,0.2753758132457733,0.31193479150533676,0.41440920531749725,0.2571726068854332,0.32343851774930954,0.25788360089063644,0.24867317080497742,0.4035061225295067,0.3606528490781784,0.49366695433855057,0.381249338388443,0.3208627477288246,0.4852614849805832,0.2906455546617508,0.7180700302124023,0.40566451102495193,0.4874921217560768,0.24668433889746666,0.25482120737433434,0.5045866370201111,0.4705134928226471,0.42009592801332474,0.40633102506399155,0.2574309706687927,0.275817446410656,0.3085543066263199,0.43431270122528076,0.2656935304403305,0.2862505465745926,0.39207567274570465,0.33171525597572327,0.34266001731157303,0.15045124292373657,0.19921055808663368,0.2733115814626217,0.20117462426424026,0.36685074865818024,0.3712548241019249,0.36296211183071136,0.22250652685761452,0.2734223082661629,0.4327836334705353,0.28206991776824,0.30753935128450394,0.24299829080700874,0.31788159161806107,0.4609839469194412,0.3937949240207672,0.4162273034453392,0.21241992712020874,0.3221479579806328,0.426408588886261,0.3300863355398178,0.626323014497757,0.2777651250362396,0.34191109240055084,0.34561705589294434,0.2658539079129696,0.4273602366447449,0.5608425885438919
2025-07-24 00:00:00-04:00,MSFT,1,0.005539494720473371,6,alpha_vantage,0.2787907098730405,0.3118413935105006,0.29881448298692703,0.24238485097885132,0.3108887771765391,0.3057670444250107,0.30487323304017383,0.5018320182959238,0.33597639203071594,0.1544088820616404,0.4980243345101674,0.2559678753217061,0.3152422333757083,0.3213989833990733,0.3279624978701274,0.36284463107585907,0.2924453342954318,0.24146380523840585,0.3006749401489894,0.34663402537504834,0.21833771963914236,0.2021258200208346,0.30279535551865894,0.27063798904418945,0.16027655949195227,0.3283180296421051,0.3057204683621724,0.33181264996528625,0.421444907784462,0.1761780890325705,0.2788361186782519,0.30709906419118244,0.20016520222028097,0.48577292263507843,0.2882870336373647,0.2815900469819705,0.33520477016766864,0.45421815911928815,0.4079941113789876,0.21074195206165314,0.29384299119313556,0.48846788704395294,0.33204316596190137,0.3185713489850362,0.2668905605872472,0.2750618134935697,0.4018183797597885,0.2938510725895564,0.23723241438468298,0.2704313298066457,0.40004730224609375,0.39334046343962353,0.35055452585220337,0.23802662392457327,0.3195380965868632,0.1675503564377626,0.2895739475886027,0.22183494766553244,0.23983586579561234,0.29543336232503253,0.2810671428839366,0.32401542365550995,0.42157596349716187,0.26794340709845227,0.3447619279225667,0.2723249892393748,0.24399350831906,0.37989431619644165,0.3480237027009328,0.46926628549893695,0.39835839966932934,0.3463229189316432,0.47172310948371887,0.2874897023042043,0.7193910678227743,0.4257877916097641,0.49227743844191235,0.2535971800486247,0.24219763030608496,0.5373646219571432,0.46764427920182544,0.40088998277982074,0.43464189271132153,0.2908427466948827,0.3040335377057393,0.3308401008447011,0.4479331175486247,0.2679077486197154,0.2718513607978821,0.38749465843041736,0.3277244071165721,0.371736874183019,0.15060325587789217,0.21297803272803625,0.272014540930589,0.2143402248620987,0.402557576696078,0.38725168506304425,0.335659255584081,0.23227552821238837,0.24477440615495047,0.4113234132528305,0.28596046815315884,0.31804325183232623,0.24079427123069763,0.3188818196455638,0.4935223360856374,0.39897605776786804,0.4240755687157313,0.22525134682655334,0.29122623801231384,0.4381585568189621,0.32552234331766766,0.6273337999979655,0.3144700676202774,0.34460652867952984,0.3575809995333354,0.2570580293734868,0.44043133159478504,0.5608733395735422
2025-07-25 00:00:00-04:00,MSFT,0,-0.0023554572052336895,3,alpha_vantage,0.27803413073221844,0.3269733687241872,0.332507848739624,0.24602285027503967,0.29389331738154095,0.29051774740219116,0.30762168765068054,0.5033396482467651,0.3646033803621928,0.12224183479944865,0.5579516987005869,0.22109068433443704,0.2681307295958201,0.2475336790084839,0.2858729263146718,0.3259100417296092,0.2722691198190053,0.21980994443098703,0.28937066594759625,0.3311661978562673,0.18314199646313986,0.19089294970035553,0.23046883940696716,0.2330220341682434,0.15737526615460715,0.2770163615544637,0.28000325957934064,0.36011187235514325,0.3819812039534251,0.1575170954068502,0.2558959474166234,0.24669217069943747,0.2424934208393097,0.47357404232025146,0.31645167867342633,0.26781973242759705,0.2865788737932841,0.457859327395757,0.3805125951766968,0.19683324793974558,0.28857651352882385,0.4513147572676341,0.2966053982575734,0.3065350155035655,0.2683854897816976,0.28901805480321247,0.38538724184036255,0.27920255064964294,0.24888202548027039,0.25984158118565875,0.42232675353686017,0.37268372376759845,0.3375943899154663,0.20684230824311575,0.32144121328989667,0.14134314159552255,0.32660165429115295,0.20637556910514832,0.227680375178655,0.27985737721125287,0.3123542269070943,0.31886720657348633,0.3965778748194377,0.2988174359003703,0.35248178243637085,0.24795387188593546,0.2484248677889506,0.3364419440428416,0.3508940537770589,0.45994611581166583,0.4145565132300059,0.3436580002307892,0.44025816520055133,0.28743138909339905,0.6868325273195902,0.45365455746650696,0.4846492310365041,0.23227490484714508,0.21259742975234985,0.5007394552230835,0.5048655172189077,0.34709907571474713,0.42969924211502075,0.2719367444515228,0.27074278394381207,0.3267754316329956,0.44608839352925617,0.23369388779004416,0.23274202148119608,0.3550046185652415,0.3779013156890869,0.3520864148934682,0.1251987268527349,0.2063643534978231,0.218451460202535,0.18412674963474274,0.3461303810278575,0.29936500390370685,0.3602537314097087,0.23878813783327738,0.22153237462043762,0.3732853631178538,0.2846326430638631,0.2807220121224721,0.2115679830312729,0.28492138783137005,0.4955098827679952,0.3784208794434865,0.44253010551134747,0.17641236384709677,0.2651380201180776,0.4275674919287364,0.3103492458661397,0.6188740928967794,0.2635955015818278,0.31877122322718304,0.31632664799690247,0.24148036042849222,0.42839908599853516,0.5103147427241007
2025-07-28 00:00:00-04:00,MSFT,1,0.00013659965701219513,7,alpha_vantage,0.29277139476367403,0.2823536310877119,0.3302892659391676,0.28130378254822325,0.306701055594853,0.2874894397599356,0.23877914675644465,0.5142132682459695,0.2751696024622236,0.14181841697011674,0.5374090586389814,0.28543825234685627,0.3465831790651594,0.30285490836415974,0.32657324842044283,0.39919304847717285,0.3351194603102548,0.2517752115215574,0.2692040077277592,0.3475384882518223,0.22781417625291006,0.21338457294872828,0.3286268413066864,0.3149382046290806,0.1787092089653015,0.29642619831221445,0.2922847143241337,0.30525463819503784,0.42298090883663725,0.2251455815775054,0.2470810945544924,0.2323373258113861,0.23561660306794302,0.4682383154119764,0.2534539167370115,0.28168556307043346,0.349549514906747,0.4649020348276411,0.45971425090517315,0.23568043751376017,0.2836472349507468,0.4849624080317361,0.3308129140308925,0.26833899319171906,0.2752057356493814,0.30266866087913513,0.3370837824685233,0.25443934755665915,0.275758085506303,0.2513831555843353,0.41068385754312786,0.4131666251591274,0.2725850599152701,0.255066590649741,0.3106849065848759,0.19277538997786386,0.2908334412745067,0.2396621129342488,0.21875388494559697,0.28365581801959444,0.2750948326928275,0.33631970626967295,0.44126799276896883,0.23674081053052629,0.3049492580550058,0.2892543886389051,0.27486964421612875,0.39292591384478975,0.3783573125089918,0.493682576077325,0.3866816886833736,0.348405693258558,0.5347921507699149,0.29358854038374765,0.7088515843663897,0.413051609482084,0.47613130296979633,0.2631182479006903,0.2804822027683258,0.5084815280778068,0.45858397228377207,0.48623873932021006,0.41781015055520193,0.28052214213779997,0.2986229189804622,0.3277051959718977,0.48503925119127544,0.2854262207235609,0.30782568880489897,0.41693857312202454,0.3309073618480137,0.36770925351551603,0.11657311341592244,0.23105541510241373,0.2939047770840781,0.208253413438797,0.4070700023855482,0.3977706517492022,0.3694400021008083,0.2431024249110903,0.31257426951612743,0.4655103215149471,0.31569468549319674,0.31027386443955557,0.24685258311884745,0.3165387894426073,0.48344958680016653,0.4025278517178127,0.37938688482557026,0.231454359633582,0.36620910678591045,0.4546374976634979,0.3437939371381487,0.6116901210376194,0.2943878599575588,0.35290401748248507,0.33580952882766724,0.26266910987240927,0.4291478565761021,0.5553666949272156
2025-07-29 00:00:00-04:00,MSFT,1,0.0013071051770152872,7,alpha_vantage,0.28614691538470133,0.3006324427468436,0.3082618734666279,0.2672775515488216,0.3095798449856894,0.2856446887765612,0.28744837428842274,0.51472322004182,0.27846348711422514,0.16299989819526672,0.5353667097432273,0.25066722503730227,0.32142260670661926,0.29467497553144184,0.35435684663908823,0.3831359233175005,0.3054822725909097,0.22517397786889756,0.2981602592127664,0.34520419580595835,0.20700628629752568,0.2383606263569423,0.29054916330746244,0.28542676993778776,0.1947038173675537,0.31732323340007235,0.3197287235941206,0.36879525014332365,0.43444175379616873,0.2183802000113896,0.25423585304192137,0.3203936985560826,0.21133742800780705,0.500983008316585,0.29097614330904825,0.2400688656738826,0.36330850209508625,0.4805519921439035,0.44128939509391785,0.23675734443323954,0.29744886074747356,0.4579500215394156,0.29831274492400034,0.2992612144776753,0.2485901266336441,0.2723361424037388,0.3657998527799334,0.2677249291113445,0.2771448769739696,0.2672891063349588,0.41069459915161133,0.44970743571008953,0.3152151959283011,0.22763873849596297,0.3264841267040798,0.2034864148923329,0.31639293261936735,0.21628948833261216,0.24457569420337677,0.31291666626930237,0.2702256909438542,0.312637665442058,0.4357327733721052,0.2649055336202894,0.32743568079812185,0.3168966386999403,0.28657435306480955,0.37449888246400015,0.36748880999428885,0.48802322149276733,0.4062022566795349,0.3327008443219321,0.5002555549144745,0.30335500836372375,0.737584548337119,0.4219966743673597,0.4941531845501491,0.27827643709523336,0.2939680388995579,0.5087095201015472,0.45196913395609173,0.44884200607027325,0.44219655224255155,0.2669528956924166,0.3039237303393228,0.31499028631619047,0.47037747502326965,0.28768108572278706,0.3186548054218292,0.428619452885219,0.3204536736011505,0.3877745653901781,0.12853099299328669,0.20779142848082952,0.26881524281842367,0.2128186034304755,0.4103432468005589,0.36051650983946665,0.3764888899666922,0.24012851927961623,0.26636735243456705,0.41664827721459524,0.2879784788404192,0.3203920679433005,0.2443872136729104,0.3546738454273769,0.4418878299849374,0.4447444592203413,0.40041677015168325,0.24012515587466104,0.329907877104623,0.46504918166569303,0.3357555312769754,0.644416332244873,0.28586409773145405,0.3833675810268947,0.37913047841617037,0.2780318238905498,0.4541725771767752,0.5544109770229885
2025-07-30 00:00:00-04:00,MSFT,1,0.039474729465981614,3,alpha_vantage,0.2738336722056071,0.30149885018666583,0.3531317412853241,0.25976020594437915,0.30762816468874615,0.28211653232574463,0.24281860888004303,0.5114075442155203,0.2856835722923279,0.15434922774632773,0.5301158726215363,0.2568938036759694,0.3039020399252574,0.2996392448743184,0.330086608727773,0.433439036210378,0.32694366574287415,0.23537380993366241,0.30349284410476685,0.3277091085910797,0.2225938489039739,0.24168206751346588,0.29127070804437,0.29746652642885846,0.20674456159273782,0.31931886076927185,0.2999402582645416,0.33515005310376483,0.421730637550354,0.22122969975074133,0.234652707974116,0.23402583599090576,0.22525225579738617,0.4178015391031901,0.27081051965554553,0.2739564925432205,0.37280861536661786,0.46761735280354816,0.43515269954999286,0.23826677103837332,0.2766968905925751,0.45345498124758404,0.3129403541485469,0.28484518826007843,0.26134148240089417,0.29291512568791706,0.3348414897918701,0.28635811309019726,0.2823238919178645,0.26251329978307086,0.41289588809013367,0.4216040372848511,0.2944056789080302,0.2407854050397873,0.2840052843093872,0.16359394788742065,0.25661198794841766,0.2263721078634262,0.23528848588466644,0.29454461733500165,0.25273847083250683,0.32478706041971844,0.4464629789193471,0.23176702857017517,0.34209219614664715,0.28890420993169147,0.3001546710729599,0.34221792221069336,0.3798932333787282,0.4806503355503082,0.38415725032488507,0.35102036595344543,0.5175436834494272,0.28173452615737915,0.7106992602348328,0.41499873995780945,0.47851937015851337,0.3108178774515788,0.2947785754998525,0.4926695426305135,0.43176038066546124,0.471660057703654,0.41670899589856464,0.2454151858886083,0.28607935706774396,0.32482631007830304,0.4784355362256368,0.2920113106568654,0.31699729959170025,0.3996116916338603,0.3278236786524455,0.41943660378456116,0.09504007051388423,0.20472324887911478,0.2915135423342387,0.21148192882537842,0.3750902513662974,0.38663845260938007,0.33867783347765607,0.24959990878899893,0.290009468793869,0.44059815009435016,0.2833187182744344,0.31970032056172687,0.23779217402140299,0.3364485402901967,0.48058202862739563,0.4335201680660248,0.39325982332229614,0.24553448955217996,0.34740425149599713,0.46776100993156433,0.32509349783261615,0.6218341787656149,0.2780048996210098,0.39181751012802124,0.355445275704066,0.278247411052386,0.41110260287920636,0.511381983757019
2025-07-31 00:00:00-04:00,MSFT,0,-0.017600777222938145,4,alpha_vantage,0.2941572666168213,0.3007763475179672,0.33411576598882675,0.2528213784098625,0.28834979981184006,0.2885222062468529,0.2743626646697521,0.5152519345283508,0.309301495552063,0.12516983598470688,0.5177013352513313,0.25634564459323883,0.2876676805317402,0.2771497219800949,0.30996668338775635,0.36277638375759125,0.2868974395096302,0.2178194485604763,0.27859602868556976,0.33342888206243515,0.204674880951643,0.2188297174870968,0.2622538357973099,0.29053880274295807,0.16695642098784447,0.2949173375964165,0.3057608976960182,0.3240690678358078,0.3892012983560562,0.2136702984571457,0.25905832275748253,0.27906911075115204,0.2244880087673664,0.461077481508255,0.2804703153669834,0.2693665511906147,0.3326593115925789,0.4544091671705246,0.4155506417155266,0.22219521179795265,0.29906097799539566,0.44782309234142303,0.3213231936097145,0.28486107662320137,0.28420765697956085,0.2932378835976124,0.38374196738004684,0.27577144280076027,0.2856677547097206,0.24082104861736298,0.416214182972908,0.3854243755340576,0.31930088996887207,0.273173563182354,0.3273771405220032,0.15930664353072643,0.28989916667342186,0.21168899163603783,0.21005025506019592,0.27877237647771835,0.2940703183412552,0.3500269055366516,0.43775682151317596,0.2804706357419491,0.31154634058475494,0.27131519466638565,0.2748204953968525,0.3510580360889435,0.3832877427339554,0.48617223650217056,0.4051506742835045,0.364836223423481,0.504762090742588,0.2926700785756111,0.6923417896032333,0.43341758102178574,0.49592872709035873,0.25370851159095764,0.2498568557202816,0.4980473294854164,0.4529101103544235,0.440787598490715,0.4135618135333061,0.31094199046492577,0.31111834198236465,0.3494519963860512,0.4611963853240013,0.26978979259729385,0.27920200675725937,0.3817451298236847,0.3779836520552635,0.3906054198741913,0.13309047184884548,0.22641445696353912,0.2700921632349491,0.1966746523976326,0.3793878108263016,0.3623169884085655,0.34081052243709564,0.24020446464419365,0.26887110993266106,0.42398936301469803,0.2836035303771496,0.3100135177373886,0.2222921922802925,0.3063388094305992,0.5325375497341156,0.411788634955883,0.4258328005671501,0.2103726677596569,0.32627271115779877,0.4425363093614578,0.30814677476882935,0.605363205075264,0.28774502128362656,0.34362422674894333,0.3375960439443588,0.26202482357621193,0.44482772052288055,0.5334712713956833
